backend,input_path,input_bases,processors,repeat,time_seconds,bases_per_second,invalids,invalids_per_second,count_A,count_C,count_G,count_T,avg_cpu_percent,peak_cpu_percent,peak_memory_mb,avg_gpu_util_percent,peak_gpu_util_percent,peak_gpu_memory_mb,samples
CPU,C:\DevStuff\University\computaion_paralela\colaborativo2\GCF_000001405.40_GRCh38.p14_genomic.fna,3298430636,16.0,1,86.21635029999925,38257599.91605709,1352989787,15692960.584530935,558619211,413530454,413917617,559373567,72.53172974133446,94.20698223059175,1356.484375,,,,360
GPU,C:\DevStuff\University\computaion_paralela\colaborativo2\GCF_000001405.40_GRCh38.p14_genomic.fna,3298430636,,1,1.0366281999995408,3181883954.151991,1352989787,1305183273.0390697,558619211,413530454,413917617,559373567,6.6134188988829585,8.277112185528644,7532.25390625,28.257731958762886,100.0,7685.0,291
