backend,input_path,input_bases,processors,repeat,time_seconds,bases_per_second,invalids,invalids_per_second,count_A,count_C,count_G,count_T,avg_cpu_percent,peak_cpu_percent,peak_memory_mb,avg_gpu_util_percent,peak_gpu_util_percent,peak_gpu_memory_mb,samples
CPU,C:\RepositoriosTesis\computacion_paralela\colaborativo2\GCA_000001405.29_GRCh38.p14_genomic.fna,3298912062,16.0,1,40.19232589984313,82078157.66175592,1353096152,33665534.942462265,558708442,413632783,414016300,559458385,93.7497875439608,104.21887287038092,1400.203125,,,,180
GPU,C:\RepositoriosTesis\computacion_paralela\colaborativo2\GCA_000001405.29_GRCh38.p14_genomic.fna,3298912062,,1,1.2784148999489844,2580470598.497909,1353096152,1058417069.4928507,558708442,413632783,414016300,559458385,6.178187275798292,7.049080169761207,7515.43359375,1.375,93.0,6460.0,232
